city,date,fahrenheit
Montreal,1 Jan,20
newYork,1 Jan,44
sanFrancisco,1 Jan,50
Toronto,1 Jan,34
Vancouver,1 Jan,35
Montreal,2 Jan,24
newYork,2 Jan,38
sanFrancisco,2 Jan,48
Toronto,2 Jan,36
Vancouver,2 Jan,32
Montreal,3 Jan,26
newYork,3 Jan,41
sanFrancisco,3 Jan,52
Toronto,3 Jan,38
Vancouver,3 Jan,30
Montreal,4 Jan,30
newYork,4 Jan,44
sanFrancisco,4 Jan,52
Toronto,4 Jan,28
Vancouver,4 Jan,31
Montreal,5 Jan,18
newYork,5 Jan,30
sanFrancisco,5 Jan,46
Toronto,5 Jan,19
Vancouver,5 Jan,32
Montreal,6 Jan,12
newYork,6 Jan,29
sanFrancisco,6 Jan,44
Toronto,6 Jan,16
Vancouver,6 Jan,35
Montreal,7 Jan,7
newYork,7 Jan,23
sanFrancisco,7 Jan,53
Toronto,7 Jan,15
Vancouver,7 Jan,34
Montreal,8 Jan,4
newYork,8 Jan,21
sanFrancisco,8 Jan,59
Toronto,8 Jan,14
Vancouver,8 Jan,35
Montreal,9 Jan,6
newYork,9 Jan,19
sanFrancisco,9 Jan,56
Toronto,9 Jan,20
Vancouver,9 Jan,40
Montreal,10 Jan,24
newYork,10 Jan,34
sanFrancisco,10 Jan,58
Toronto,10 Jan,34
Vancouver,10 Jan,37
Montreal,11 Jan,34
newYork,11 Jan,47
sanFrancisco,11 Jan,54
Toronto,11 Jan,40
Vancouver,11 Jan,32
Montreal,12 Jan,36
newYork,12 Jan,57
sanFrancisco,12 Jan,49
Toronto,12 Jan,38
Vancouver,12 Jan,32
Montreal,13 Jan,16
newYork,13 Jan,47
sanFrancisco,13 Jan,49
Toronto,13 Jan,25
Vancouver,13 Jan,30
Montreal,14 Jan,10
newYork,14 Jan,31
sanFrancisco,14 Jan,49
Toronto,14 Jan,22
Vancouver,14 Jan,34
Montreal,15 Jan,15
newYork,15 Jan,34
sanFrancisco,15 Jan,47
Toronto,15 Jan,28
Vancouver,15 Jan,37
Montreal,16 Jan,26
newYork,16 Jan,37
sanFrancisco,16 Jan,49
Toronto,16 Jan,32
Vancouver,16 Jan,40
Montreal,17 Jan,27
newYork,17 Jan,40
sanFrancisco,17 Jan,47
Toronto,17 Jan,34
Vancouver,17 Jan,44
Montreal,18 Jan,26
newYork,18 Jan,40
sanFrancisco,18 Jan,52
Toronto,18 Jan,37
Vancouver,18 Jan,48
Montreal,19 Jan,31
newYork,19 Jan,44
sanFrancisco,19 Jan,55
Toronto,19 Jan,36
Vancouver,19 Jan,45
Montreal,20 Jan,34
newYork,20 Jan,43
sanFrancisco,20 Jan,34
Toronto,20 Jan,37
Vancouver,20 Jan,44
Montreal,21 Jan,34
newYork,21 Jan,45
sanFrancisco,21 Jan,52
Toronto,21 Jan,40
Vancouver,21 Jan,46
Montreal,22 Jan,32
newYork,22 Jan,46
sanFrancisco,22 Jan,52
Toronto,22 Jan,40
Vancouver,22 Jan,42
Montreal,23 Jan,28
newYork,23 Jan,40
sanFrancisco,23 Jan,50
Toronto,23 Jan,37
Vancouver,23 Jan,39
Montreal,24 Jan,26
newYork,24 Jan,37
sanFrancisco,24 Jan,48
Toronto,24 Jan,34
Vancouver,24 Jan,38
Montreal,25 Jan,29
newYork,25 Jan,44
sanFrancisco,25 Jan,49
Toronto,25 Jan,38
Vancouver,25 Jan,40
Montreal,26 Jan,32
newYork,26 Jan,50
sanFrancisco,26 Jan,50
Toronto,26 Jan,38
Vancouver,26 Jan,41
Montreal,27 Jan,29
newYork,27 Jan,40
sanFrancisco,27 Jan,50
Toronto,27 Jan,33
Vancouver,27 Jan,44
Montreal,28 Jan,29
newYork,28 Jan,37
sanFrancisco,28 Jan,50
Toronto,28 Jan,30
Vancouver,28 Jan,42
Montreal,29 Jan,26
newYork,29 Jan,39
sanFrancisco,29 Jan,51
Toronto,29 Jan,26
Vancouver,29 Jan,44
Montreal,30 Jan,12
newYork,30 Jan,34
sanFrancisco,30 Jan,51
Toronto,30 Jan,18
Vancouver,30 Jan,41
Montreal,31 Jan,10
newYork,31 Jan,30
sanFrancisco,31 Jan,51
Toronto,31 Jan,25
Vancouver,31 Jan,36
Montreal,1 Feb,14
newYork,1 Feb,40
sanFrancisco,1 Feb,52
Toronto,1 Feb,32
Vancouver,1 Feb,37
Montreal,2 Feb,16
newYork,2 Feb,39
sanFrancisco,2 Feb,57
Toronto,2 Feb,25
Vancouver,2 Feb,36
Montreal,3 Feb,19
newYork,3 Feb,30
sanFrancisco,3 Feb,58
Toronto,3 Feb,22
Vancouver,3 Feb,32
Montreal,4 Feb,16
newYork,4 Feb,28
sanFrancisco,4 Feb,57
Toronto,4 Feb,23
Vancouver,4 Feb,34
Montreal,5 Feb,27
newYork,5 Feb,37
sanFrancisco,5 Feb,56
Toronto,5 Feb,30
Vancouver,5 Feb,34
Montreal,6 Feb,12
newYork,6 Feb,43
sanFrancisco,6 Feb,58
Toronto,6 Feb,30
Vancouver,6 Feb,31
Montreal,7 Feb,18
newYork,7 Feb,39
sanFrancisco,7 Feb,60
Toronto,7 Feb,32
Vancouver,7 Feb,34
Montreal,8 Feb,26
newYork,8 Feb,50
sanFrancisco,8 Feb,60
Toronto,8 Feb,27
Vancouver,8 Feb,30
Montreal,9 Feb,8
newYork,9 Feb,32
sanFrancisco,9 Feb,61
Toronto,9 Feb,18
Vancouver,9 Feb,38
Montreal,10 Feb,6
newYork,10 Feb,26
sanFrancisco,10 Feb,57
Toronto,10 Feb,24
Vancouver,10 Feb,40
Montreal,11 Feb,10
newYork,11 Feb,39
sanFrancisco,11 Feb,53
Toronto,11 Feb,34
Vancouver,11 Feb,41
Montreal,12 Feb,16
newYork,12 Feb,35
sanFrancisco,12 Feb,54
Toronto,12 Feb,30
Vancouver,12 Feb,43
Montreal,13 Feb,22
newYork,13 Feb,35
sanFrancisco,13 Feb,55
Toronto,13 Feb,28
Vancouver,13 Feb,42
Montreal,14 Feb,18
newYork,14 Feb,35
sanFrancisco,14 Feb,57
Toronto,14 Feb,34
Vancouver,14 Feb,44
Montreal,15 Feb,23
newYork,15 Feb,41
sanFrancisco,15 Feb,57
Toronto,15 Feb,30
Vancouver,15 Feb,47
Montreal,16 Feb,26
newYork,16 Feb,32
sanFrancisco,16 Feb,60
Toronto,16 Feb,21
Vancouver,16 Feb,49
Montreal,17 Feb,21
newYork,17 Feb,34
sanFrancisco,17 Feb,57
Toronto,17 Feb,26
Vancouver,17 Feb,48
Montreal,18 Feb,33
newYork,18 Feb,49
sanFrancisco,18 Feb,54
Toronto,18 Feb,43
Vancouver,18 Feb,41
Montreal,19 Feb,40
newYork,19 Feb,59
sanFrancisco,19 Feb,54
Toronto,19 Feb,48
Vancouver,19 Feb,43
Montreal,20 Feb,28
newYork,20 Feb,47
sanFrancisco,20 Feb,57
Toronto,20 Feb,36
Vancouver,20 Feb,46
Montreal,21 Feb,27
newYork,21 Feb,41
sanFrancisco,21 Feb,56
Toronto,21 Feb,40
Vancouver,21 Feb,41
Montreal,22 Feb,37
newYork,22 Feb,50
sanFrancisco,22 Feb,50
Toronto,22 Feb,44
Vancouver,22 Feb,40
Montreal,23 Feb,44
newYork,23 Feb,55
sanFrancisco,23 Feb,48
Toronto,23 Feb,54
Vancouver,23 Feb,38
Montreal,24 Feb,36
newYork,24 Feb,64
sanFrancisco,24 Feb,47
Toronto,24 Feb,38
Vancouver,24 Feb,40
Montreal,25 Feb,45
newYork,25 Feb,54
sanFrancisco,25 Feb,50
Toronto,25 Feb,39
Vancouver,25 Feb,36
Montreal,26 Feb,27
newYork,26 Feb,40
sanFrancisco,26 Feb,49
Toronto,26 Feb,32
Vancouver,26 Feb,40
Montreal,27 Feb,34
newYork,27 Feb,45
sanFrancisco,27 Feb,49
Toronto,27 Feb,42
Vancouver,27 Feb,36
Montreal,28 Feb,34
newYork,28 Feb,53
sanFrancisco,28 Feb,50
Toronto,28 Feb,44
Vancouver,28 Feb,37
Montreal,1 Mar,38
newYork,1 Mar,62
sanFrancisco,1 Mar,53
Toronto,1 Mar,46
Vancouver,1 Mar,42
Montreal,2 Mar,18
newYork,2 Mar,50
sanFrancisco,2 Mar,55
Toronto,2 Mar,24
Vancouver,2 Mar,42
Montreal,3 Mar,12
newYork,3 Mar,32
sanFrancisco,3 Mar,53
Toronto,3 Mar,20
Vancouver,3 Mar,44
Montreal,4 Mar,5
newYork,4 Mar,24
sanFrancisco,4 Mar,56
Toronto,4 Mar,15
Vancouver,4 Mar,40
Montreal,5 Mar,10
newYork,5 Mar,26
sanFrancisco,5 Mar,48
Toronto,5 Mar,21
Vancouver,5 Mar,34
Montreal,6 Mar,20
newYork,6 Mar,36
sanFrancisco,6 Mar,50
Toronto,6 Mar,37
Vancouver,6 Mar,38
Montreal,7 Mar,34
newYork,7 Mar,49
sanFrancisco,7 Mar,51
Toronto,7 Mar,45
Vancouver,7 Mar,36
Montreal,8 Mar,43
newYork,8 Mar,53
sanFrancisco,8 Mar,55
Toronto,8 Mar,45
Vancouver,8 Mar,40
Montreal,9 Mar,27
newYork,9 Mar,54
sanFrancisco,9 Mar,59
Toronto,9 Mar,34
Vancouver,9 Mar,38
Montreal,10 Mar,13
newYork,10 Mar,35
sanFrancisco,10 Mar,60
Toronto,10 Mar,20
Vancouver,10 Mar,44
Montreal,11 Mar,0
newYork,11 Mar,23
sanFrancisco,11 Mar,58
Toronto,11 Mar,16
Vancouver,11 Mar,44
Montreal,12 Mar,7
newYork,12 Mar,24
sanFrancisco,12 Mar,59
Toronto,12 Mar,17
Vancouver,12 Mar,45
Montreal,13 Mar,10
newYork,13 Mar,27
sanFrancisco,13 Mar,62
Toronto,13 Mar,18
Vancouver,13 Mar,45
Montreal,14 Mar,16
newYork,14 Mar,27
sanFrancisco,14 Mar,65
Toronto,14 Mar,16
Vancouver,14 Mar,48
Montreal,15 Mar,20
newYork,15 Mar,23
sanFrancisco,15 Mar,57
Toronto,15 Mar,20
Vancouver,15 Mar,47
Montreal,16 Mar,20
newYork,16 Mar,32
sanFrancisco,16 Mar,58
Toronto,16 Mar,28
Vancouver,16 Mar,42
Montreal,17 Mar,19
newYork,17 Mar,38
sanFrancisco,17 Mar,60
Toronto,17 Mar,33
Vancouver,17 Mar,44
Montreal,18 Mar,18
newYork,18 Mar,37
sanFrancisco,18 Mar,61
Toronto,18 Mar,34
Vancouver,18 Mar,44
Montreal,19 Mar,26
newYork,19 Mar,41
sanFrancisco,19 Mar,59
Toronto,19 Mar,38
Vancouver,19 Mar,43
Montreal,20 Mar,30
newYork,20 Mar,43
sanFrancisco,20 Mar,59
Toronto,20 Mar,37
Vancouver,20 Mar,41
Montreal,21 Mar,36
newYork,21 Mar,51
sanFrancisco,21 Mar,61
Toronto,21 Mar,45
Vancouver,21 Mar,46
Montreal,22 Mar,17
newYork,22 Mar,37
sanFrancisco,22 Mar,56
Toronto,22 Mar,23
Vancouver,22 Mar,49
Montreal,23 Mar,22
newYork,23 Mar,33
sanFrancisco,23 Mar,56
Toronto,23 Mar,28
Vancouver,23 Mar,48
Montreal,24 Mar,29
newYork,24 Mar,47
sanFrancisco,24 Mar,56
Toronto,24 Mar,43
Vancouver,24 Mar,46
Montreal,25 Mar,27
newYork,25 Mar,52
sanFrancisco,25 Mar,57
Toronto,25 Mar,38
Vancouver,25 Mar,48
Montreal,26 Mar,26
newYork,26 Mar,40
sanFrancisco,26 Mar,58
Toronto,26 Mar,38
Vancouver,26 Mar,45
Montreal,27 Mar,36
newYork,27 Mar,45
sanFrancisco,27 Mar,56
Toronto,27 Mar,49
Vancouver,27 Mar,47
Montreal,28 Mar,37
newYork,28 Mar,44
sanFrancisco,28 Mar,58
Toronto,28 Mar,46
Vancouver,28 Mar,44
Montreal,29 Mar,39
newYork,29 Mar,51
sanFrancisco,29 Mar,59
Toronto,29 Mar,43
Vancouver,29 Mar,50
Montreal,30 Mar,36
newYork,30 Mar,45
sanFrancisco,30 Mar,56
Toronto,30 Mar,36
Vancouver,30 Mar,48
Montreal,31 Mar,36
newYork,31 Mar,40
sanFrancisco,31 Mar,62
Toronto,31 Mar,36
Vancouver,31 Mar,48
Montreal,1 Apr,34
newYork,1 Apr,43
sanFrancisco,1 Apr,66
Toronto,1 Apr,44
Vancouver,1 Apr,49
Montreal,2 Apr,41
newYork,2 Apr,52
sanFrancisco,2 Apr,63
Toronto,2 Apr,50
Vancouver,2 Apr,46
Montreal,3 Apr,37
newYork,3 Apr,56
sanFrancisco,3 Apr,59
Toronto,3 Apr,46
Vancouver,3 Apr,44
Montreal,4 Apr,38
newYork,4 Apr,48
sanFrancisco,4 Apr,60
Toronto,4 Apr,46
Vancouver,4 Apr,49
Montreal,5 Apr,42
newYork,5 Apr,55
sanFrancisco,5 Apr,60
Toronto,5 Apr,44
Vancouver,5 Apr,48
Montreal,6 Apr,38
newYork,6 Apr,47
sanFrancisco,6 Apr,58
Toronto,6 Apr,40
Vancouver,6 Apr,50
Montreal,7 Apr,38
newYork,7 Apr,46
sanFrancisco,7 Apr,57
Toronto,7 Apr,36
Vancouver,7 Apr,50
Montreal,8 Apr,39
newYork,8 Apr,49
sanFrancisco,8 Apr,52
Toronto,8 Apr,44
Vancouver,8 Apr,46
Montreal,9 Apr,44
newYork,9 Apr,56
sanFrancisco,9 Apr,53
Toronto,9 Apr,52
Vancouver,9 Apr,48
Montreal,10 Apr,62
newYork,10 Apr,64
sanFrancisco,10 Apr,55
Toronto,10 Apr,61
Vancouver,10 Apr,46
Montreal,11 Apr,50
newYork,11 Apr,71
sanFrancisco,11 Apr,60
Toronto,11 Apr,58
Vancouver,11 Apr,49
Montreal,12 Apr,44
newYork,12 Apr,67
sanFrancisco,12 Apr,59
Toronto,12 Apr,45
Vancouver,12 Apr,48
Montreal,13 Apr,48
newYork,13 Apr,57
sanFrancisco,13 Apr,55
Toronto,13 Apr,44
Vancouver,13 Apr,48
Montreal,14 Apr,44
newYork,14 Apr,57
sanFrancisco,14 Apr,54
Toronto,14 Apr,50
Vancouver,14 Apr,46
Montreal,15 Apr,52
newYork,15 Apr,58
sanFrancisco,15 Apr,57
Toronto,15 Apr,50
Vancouver,15 Apr,50
Montreal,16 Apr,55
newYork,16 Apr,73
sanFrancisco,16 Apr,56
Toronto,16 Apr,63
Vancouver,16 Apr,48
Montreal,17 Apr,43
newYork,17 Apr,66
sanFrancisco,17 Apr,58
Toronto,17 Apr,47
Vancouver,17 Apr,51
Montreal,18 Apr,41
newYork,18 Apr,56
sanFrancisco,18 Apr,60
Toronto,18 Apr,40
Vancouver,18 Apr,54
Montreal,19 Apr,45
newYork,19 Apr,50
sanFrancisco,19 Apr,58
Toronto,19 Apr,54
Vancouver,19 Apr,51
Montreal,20 Apr,46
newYork,20 Apr,58
sanFrancisco,20 Apr,60
Toronto,20 Apr,45
Vancouver,20 Apr,51
Montreal,21 Apr,49
newYork,21 Apr,51
sanFrancisco,21 Apr,63
Toronto,21 Apr,49
Vancouver,21 Apr,52
Montreal,22 Apr,46
newYork,22 Apr,53
sanFrancisco,22 Apr,58
Toronto,22 Apr,48
Vancouver,22 Apr,53
Montreal,23 Apr,48
newYork,23 Apr,56
sanFrancisco,23 Apr,59
Toronto,23 Apr,52
Vancouver,23 Apr,51
Montreal,24 Apr,40
newYork,24 Apr,54
sanFrancisco,24 Apr,58
Toronto,24 Apr,48
Vancouver,24 Apr,50
Montreal,25 Apr,47
newYork,25 Apr,52
sanFrancisco,25 Apr,58
Toronto,25 Apr,46
Vancouver,25 Apr,52
Montreal,26 Apr,54
newYork,26 Apr,57
sanFrancisco,26 Apr,59
Toronto,26 Apr,54
Vancouver,26 Apr,53
Montreal,27 Apr,64
newYork,27 Apr,64
sanFrancisco,27 Apr,59
Toronto,27 Apr,64
Vancouver,27 Apr,51
Montreal,28 Apr,58
newYork,28 Apr,72
sanFrancisco,28 Apr,59
Toronto,28 Apr,56
Vancouver,28 Apr,50
Montreal,29 Apr,54
newYork,29 Apr,75
sanFrancisco,29 Apr,66
Toronto,29 Apr,52
Vancouver,29 Apr,48
Montreal,30 Apr,40
newYork,30 Apr,60
sanFrancisco,30 Apr,62
Toronto,30 Apr,42
Vancouver,30 Apr,52
Montreal,1 May,45
newYork,1 May,62
sanFrancisco,1 May,69
Toronto,1 May,48
Vancouver,1 May,50
Montreal,2 May,53
newYork,2 May,69
sanFrancisco,2 May,71
Toronto,2 May,48
Vancouver,2 May,52
Montreal,3 May,48
newYork,3 May,58
sanFrancisco,3 May,70
Toronto,3 May,50
Vancouver,3 May,53
Montreal,4 May,48
newYork,4 May,56
sanFrancisco,4 May,59
Toronto,4 May,46
Vancouver,4 May,60
Montreal,5 May,47
newYork,5 May,55
sanFrancisco,5 May,57
Toronto,5 May,46
Vancouver,5 May,54
Montreal,6 May,58
newYork,6 May,60
sanFrancisco,6 May,57
Toronto,6 May,45
Vancouver,6 May,51
Montreal,7 May,46
newYork,7 May,52
sanFrancisco,7 May,60
Toronto,7 May,46
Vancouver,7 May,50
Montreal,8 May,38
newYork,8 May,51
sanFrancisco,8 May,60
Toronto,8 May,46
Vancouver,8 May,54
Montreal,9 May,40
newYork,9 May,55
sanFrancisco,9 May,63
Toronto,9 May,46
Vancouver,9 May,52
Montreal,10 May,46
newYork,10 May,56
sanFrancisco,10 May,61
Toronto,10 May,46
Vancouver,10 May,57
Montreal,11 May,48
newYork,11 May,57
sanFrancisco,11 May,61
Toronto,11 May,50
Vancouver,11 May,54
Montreal,12 May,54
newYork,12 May,57
sanFrancisco,12 May,58
Toronto,12 May,50
Vancouver,12 May,50
Montreal,13 May,57
newYork,13 May,49
sanFrancisco,13 May,57
Toronto,13 May,56
Vancouver,13 May,51
Montreal,14 May,51
newYork,14 May,57
sanFrancisco,14 May,56
Toronto,14 May,55
Vancouver,14 May,52
Montreal,15 May,60
newYork,15 May,61
sanFrancisco,15 May,57
Toronto,15 May,56
Vancouver,15 May,48
Montreal,16 May,60
newYork,16 May,68
sanFrancisco,16 May,58
Toronto,16 May,56
Vancouver,16 May,49
Montreal,17 May,70
newYork,17 May,78
sanFrancisco,17 May,58
Toronto,17 May,68
Vancouver,17 May,54
Montreal,18 May,76
newYork,18 May,84
sanFrancisco,18 May,63
Toronto,18 May,74
Vancouver,18 May,58
Montreal,19 May,60
newYork,19 May,79
sanFrancisco,19 May,66
Toronto,19 May,57
Vancouver,19 May,57
Montreal,20 May,53
newYork,20 May,60
sanFrancisco,20 May,70
Toronto,20 May,52
Vancouver,20 May,58
Montreal,21 May,56
newYork,21 May,61
sanFrancisco,21 May,65
Toronto,21 May,53
Vancouver,21 May,60
Montreal,22 May,53
newYork,22 May,57
sanFrancisco,22 May,61
Toronto,22 May,58
Vancouver,22 May,64
Montreal,23 May,60
newYork,23 May,63
sanFrancisco,23 May,61
Toronto,23 May,62
Vancouver,23 May,64
Montreal,24 May,63
newYork,24 May,63
sanFrancisco,24 May,61
Toronto,24 May,64
Vancouver,24 May,55
Montreal,25 May,62
newYork,25 May,58
sanFrancisco,25 May,60
Toronto,25 May,54
Vancouver,25 May,57
Montreal,26 May,55
newYork,26 May,65
sanFrancisco,26 May,60
Toronto,26 May,59
Vancouver,26 May,60
Montreal,27 May,62
newYork,27 May,65
sanFrancisco,27 May,61
Toronto,27 May,62
Vancouver,27 May,64
Montreal,28 May,66
newYork,28 May,65
sanFrancisco,28 May,59
Toronto,28 May,60
Vancouver,28 May,68
Montreal,29 May,61
newYork,29 May,59
sanFrancisco,29 May,57
Toronto,29 May,68
Vancouver,29 May,65
Montreal,30 May,60
newYork,30 May,58
sanFrancisco,30 May,58
Toronto,30 May,64
Vancouver,30 May,56
Montreal,31 May,64
newYork,31 May,67
sanFrancisco,31 May,62
Toronto,31 May,62
Vancouver,31 May,60
Montreal,1 Jun,60
newYork,1 Jun,69
sanFrancisco,1 Jun,62
Toronto,1 Jun,58
Vancouver,1 Jun,60
Montreal,2 Jun,52
newYork,2 Jun,67
sanFrancisco,2 Jun,62
Toronto,2 Jun,59
Vancouver,2 Jun,60
Montreal,3 Jun,56
newYork,3 Jun,64
sanFrancisco,3 Jun,61
Toronto,3 Jun,62
Vancouver,3 Jun,59
Montreal,4 Jun,60
newYork,4 Jun,63
sanFrancisco,4 Jun,60
Toronto,4 Jun,58
Vancouver,4 Jun,59
Montreal,5 Jun,58
newYork,5 Jun,63
sanFrancisco,5 Jun,63
Toronto,5 Jun,58
Vancouver,5 Jun,60
Montreal,6 Jun,56
newYork,6 Jun,55
sanFrancisco,6 Jun,59
Toronto,6 Jun,58
Vancouver,6 Jun,65
Montreal,7 Jun,60
newYork,7 Jun,59
sanFrancisco,7 Jun,61
Toronto,7 Jun,58
Vancouver,7 Jun,67
Montreal,8 Jun,69
newYork,8 Jun,62
sanFrancisco,8 Jun,63
Toronto,8 Jun,64
Vancouver,8 Jun,58
Montreal,9 Jun,70
newYork,9 Jun,67
sanFrancisco,9 Jun,61
Toronto,9 Jun,68
Vancouver,9 Jun,58
Montreal,10 Jun,62
newYork,10 Jun,76
sanFrancisco,10 Jun,61
Toronto,10 Jun,70
Vancouver,10 Jun,59
Montreal,11 Jun,76
newYork,11 Jun,81
sanFrancisco,11 Jun,59
Toronto,11 Jun,74
Vancouver,11 Jun,60
Montreal,12 Jun,78
newYork,12 Jun,85
sanFrancisco,12 Jun,59
Toronto,12 Jun,76
Vancouver,12 Jun,62
Montreal,13 Jun,72
newYork,13 Jun,86
sanFrancisco,13 Jun,61
Toronto,13 Jun,72
Vancouver,13 Jun,58
Montreal,14 Jun,62
newYork,14 Jun,77
sanFrancisco,14 Jun,63
Toronto,14 Jun,67
Vancouver,14 Jun,58
Montreal,15 Jun,62
newYork,15 Jun,70
sanFrancisco,15 Jun,64
Toronto,15 Jun,63
Vancouver,15 Jun,56
Montreal,16 Jun,62
newYork,16 Jun,66
sanFrancisco,16 Jun,66
Toronto,16 Jun,74
Vancouver,16 Jun,60
Montreal,17 Jun,72
newYork,17 Jun,70
sanFrancisco,17 Jun,66
Toronto,17 Jun,74
Vancouver,17 Jun,60
Montreal,18 Jun,80
newYork,18 Jun,78
sanFrancisco,18 Jun,80
Toronto,18 Jun,76
Vancouver,18 Jun,56
Montreal,19 Jun,74
newYork,19 Jun,79
sanFrancisco,19 Jun,68
Toronto,19 Jun,72
Vancouver,19 Jun,62
Montreal,20 Jun,68
newYork,20 Jun,77
sanFrancisco,20 Jun,64
Toronto,20 Jun,66
Vancouver,20 Jun,62
Montreal,21 Jun,66
newYork,21 Jun,77
sanFrancisco,21 Jun,65
Toronto,21 Jun,64
Vancouver,21 Jun,60
Montreal,22 Jun,67
newYork,22 Jun,76
sanFrancisco,22 Jun,70
Toronto,22 Jun,64
Vancouver,22 Jun,60
Montreal,23 Jun,70
newYork,23 Jun,80
sanFrancisco,23 Jun,66
Toronto,23 Jun,72
Vancouver,23 Jun,62
Montreal,24 Jun,72
newYork,24 Jun,78
sanFrancisco,24 Jun,63
Toronto,24 Jun,69
Vancouver,24 Jun,68
Montreal,25 Jun,66
newYork,25 Jun,76
sanFrancisco,25 Jun,63
Toronto,25 Jun,65
Vancouver,25 Jun,70
Montreal,26 Jun,64
newYork,26 Jun,72
sanFrancisco,26 Jun,66
Toronto,26 Jun,64
Vancouver,26 Jun,67
Montreal,27 Jun,63
newYork,27 Jun,69
sanFrancisco,27 Jun,62
Toronto,27 Jun,62
Vancouver,27 Jun,62
Montreal,28 Jun,64
newYork,28 Jun,70
sanFrancisco,28 Jun,62
Toronto,28 Jun,64
Vancouver,28 Jun,62
Montreal,29 Jun,64
newYork,29 Jun,75
sanFrancisco,29 Jun,61
Toronto,29 Jun,68
Vancouver,29 Jun,66
Montreal,30 Jun,66
newYork,30 Jun,81
sanFrancisco,30 Jun,60
Toronto,30 Jun,72
Vancouver,30 Jun,66
Montreal,1 Jul,70
newYork,1 Jul,78
sanFrancisco,1 Jul,60
Toronto,1 Jul,70
Vancouver,1 Jul,66
Montreal,2 Jul,70
newYork,2 Jul,80
sanFrancisco,2 Jul,64
Toronto,2 Jul,70
Vancouver,2 Jul,68
Montreal,3 Jul,68
newYork,3 Jul,80
sanFrancisco,3 Jul,67
Toronto,3 Jul,68
Vancouver,3 Jul,65
Montreal,4 Jul,67
newYork,4 Jul,78
sanFrancisco,4 Jul,64
Toronto,4 Jul,69
Vancouver,4 Jul,64
Montreal,5 Jul,68
newYork,5 Jul,78
sanFrancisco,5 Jul,61
Toronto,5 Jul,70
Vancouver,5 Jul,67
Montreal,6 Jul,72
newYork,6 Jul,74
sanFrancisco,6 Jul,64
Toronto,6 Jul,73
Vancouver,6 Jul,70
Montreal,7 Jul,74
newYork,7 Jul,74
sanFrancisco,7 Jul,68
Toronto,7 Jul,74
Vancouver,7 Jul,67
Montreal,8 Jul,68
newYork,8 Jul,77
sanFrancisco,8 Jul,68
Toronto,8 Jul,70
Vancouver,8 Jul,66
Montreal,9 Jul,68
newYork,9 Jul,74
sanFrancisco,9 Jul,62
Toronto,9 Jul,70
Vancouver,9 Jul,68
Montreal,10 Jul,69
newYork,10 Jul,76
sanFrancisco,10 Jul,62
Toronto,10 Jul,70
Vancouver,10 Jul,64
Montreal,11 Jul,73
newYork,11 Jul,80
sanFrancisco,11 Jul,64
Toronto,11 Jul,72
Vancouver,11 Jul,65
Montreal,12 Jul,66
newYork,12 Jul,83
sanFrancisco,12 Jul,63
Toronto,12 Jul,74
Vancouver,12 Jul,68
Montreal,13 Jul,66
newYork,13 Jul,85
sanFrancisco,13 Jul,62
Toronto,13 Jul,64
Vancouver,13 Jul,66
Montreal,14 Jul,62
newYork,14 Jul,69
sanFrancisco,14 Jul,65
Toronto,14 Jul,71
Vancouver,14 Jul,66
Montreal,15 Jul,71
newYork,15 Jul,76
sanFrancisco,15 Jul,70
Toronto,15 Jul,73
Vancouver,15 Jul,68
Montreal,16 Jul,73
newYork,16 Jul,78
sanFrancisco,16 Jul,72
Toronto,16 Jul,72
Vancouver,16 Jul,64
Montreal,17 Jul,72
newYork,17 Jul,79
sanFrancisco,17 Jul,65
Toronto,17 Jul,72
Vancouver,17 Jul,64
Montreal,18 Jul,72
newYork,18 Jul,81
sanFrancisco,18 Jul,61
Toronto,18 Jul,72
Vancouver,18 Jul,68
Montreal,19 Jul,74
newYork,19 Jul,85
sanFrancisco,19 Jul,62
Toronto,19 Jul,78
Vancouver,19 Jul,70
Montreal,20 Jul,74
newYork,20 Jul,86
sanFrancisco,20 Jul,62
Toronto,20 Jul,66
Vancouver,20 Jul,68
Montreal,21 Jul,73
newYork,21 Jul,84
sanFrancisco,21 Jul,63
Toronto,21 Jul,76
Vancouver,21 Jul,64
Montreal,22 Jul,70
newYork,22 Jul,82
sanFrancisco,22 Jul,68
Toronto,22 Jul,72
Vancouver,22 Jul,62
Montreal,23 Jul,68
newYork,23 Jul,75
sanFrancisco,23 Jul,63
Toronto,23 Jul,70
Vancouver,23 Jul,66
Montreal,24 Jul,62
newYork,24 Jul,68
sanFrancisco,24 Jul,65
Toronto,24 Jul,68
Vancouver,24 Jul,62
Montreal,25 Jul,65
newYork,25 Jul,67
sanFrancisco,25 Jul,68
Toronto,25 Jul,67
Vancouver,25 Jul,67
Montreal,26 Jul,66
newYork,26 Jul,71
sanFrancisco,26 Jul,65
Toronto,26 Jul,65
Vancouver,26 Jul,66
Montreal,27 Jul,71
newYork,27 Jul,72
sanFrancisco,27 Jul,67
Toronto,27 Jul,72
Vancouver,27 Jul,68
Montreal,28 Jul,66
newYork,28 Jul,78
sanFrancisco,28 Jul,62
Toronto,28 Jul,69
Vancouver,28 Jul,66
Montreal,29 Jul,64
newYork,29 Jul,72
sanFrancisco,29 Jul,63
Toronto,29 Jul,70
Vancouver,29 Jul,70
Montreal,30 Jul,67
newYork,30 Jul,73
sanFrancisco,30 Jul,64
Toronto,30 Jul,76
Vancouver,30 Jul,68
Montreal,31 Jul,75
newYork,31 Jul,77
sanFrancisco,31 Jul,62
Toronto,31 Jul,74
Vancouver,31 Jul,68
Montreal,1 Aug,70
newYork,1 Aug,82
sanFrancisco,1 Aug,65
Toronto,1 Aug,76
Vancouver,1 Aug,67
Montreal,2 Aug,74
newYork,2 Aug,78
sanFrancisco,2 Aug,68
Toronto,2 Aug,76
Vancouver,2 Aug,68
Montreal,3 Aug,73
newYork,3 Aug,78
sanFrancisco,3 Aug,70
Toronto,3 Aug,74
Vancouver,3 Aug,68
Montreal,4 Aug,75
newYork,4 Aug,77
sanFrancisco,4 Aug,68
Toronto,4 Aug,73
Vancouver,4 Aug,68
Montreal,5 Aug,70
newYork,5 Aug,74
sanFrancisco,5 Aug,66
Toronto,5 Aug,66
Vancouver,5 Aug,68
Montreal,6 Aug,62
newYork,6 Aug,70
sanFrancisco,6 Aug,66
Toronto,6 Aug,65
Vancouver,6 Aug,68
Montreal,7 Aug,64
newYork,7 Aug,68
sanFrancisco,7 Aug,66
Toronto,7 Aug,66
Vancouver,7 Aug,67
Montreal,8 Aug,66
newYork,8 Aug,72
sanFrancisco,8 Aug,66
Toronto,8 Aug,67
Vancouver,8 Aug,68
Montreal,9 Aug,68
newYork,9 Aug,75
sanFrancisco,9 Aug,63
Toronto,9 Aug,71
Vancouver,9 Aug,70
Montreal,10 Aug,68
newYork,10 Aug,76
sanFrancisco,10 Aug,65
Toronto,10 Aug,72
Vancouver,10 Aug,71
Montreal,11 Aug,73
newYork,11 Aug,76
sanFrancisco,11 Aug,65
Toronto,11 Aug,71
Vancouver,11 Aug,70
Montreal,12 Aug,72
newYork,12 Aug,71
sanFrancisco,12 Aug,67
Toronto,12 Aug,70
Vancouver,12 Aug,67
Montreal,13 Aug,71
newYork,13 Aug,77
sanFrancisco,13 Aug,66
Toronto,13 Aug,69
Vancouver,13 Aug,65
Montreal,14 Aug,70
newYork,14 Aug,75
sanFrancisco,14 Aug,61
Toronto,14 Aug,71
Vancouver,14 Aug,64
Montreal,15 Aug,70
newYork,15 Aug,71
sanFrancisco,15 Aug,66
Toronto,15 Aug,69
Vancouver,15 Aug,64
Montreal,16 Aug,66
newYork,16 Aug,79
sanFrancisco,16 Aug,68
Toronto,16 Aug,68
Vancouver,16 Aug,68
Montreal,17 Aug,68
newYork,17 Aug,76
sanFrancisco,17 Aug,66
Toronto,17 Aug,69
Vancouver,17 Aug,66
Montreal,18 Aug,66
newYork,18 Aug,78
sanFrancisco,18 Aug,66
Toronto,18 Aug,74
Vancouver,18 Aug,65
Montreal,19 Aug,72
newYork,19 Aug,80
sanFrancisco,19 Aug,68
Toronto,19 Aug,71
Vancouver,19 Aug,66
Montreal,20 Aug,71
newYork,20 Aug,75
sanFrancisco,20 Aug,67
Toronto,20 Aug,72
Vancouver,20 Aug,66
Montreal,21 Aug,74
newYork,21 Aug,79
sanFrancisco,21 Aug,68
Toronto,21 Aug,74
Vancouver,21 Aug,66
Montreal,22 Aug,74
newYork,22 Aug,81
sanFrancisco,22 Aug,67
Toronto,22 Aug,72
Vancouver,22 Aug,70
Montreal,23 Aug,67
newYork,23 Aug,76
sanFrancisco,23 Aug,65
Toronto,23 Aug,67
Vancouver,23 Aug,70
Montreal,24 Aug,63
newYork,24 Aug,73
sanFrancisco,24 Aug,64
Toronto,24 Aug,62
Vancouver,24 Aug,66
Montreal,25 Aug,60
newYork,25 Aug,71
sanFrancisco,25 Aug,62
Toronto,25 Aug,62
Vancouver,25 Aug,64
Montreal,26 Aug,59
newYork,26 Aug,70
sanFrancisco,26 Aug,67
Toronto,26 Aug,62
Vancouver,26 Aug,66
Montreal,27 Aug,62
newYork,27 Aug,71
sanFrancisco,27 Aug,69
Toronto,27 Aug,63
Vancouver,27 Aug,66
Montreal,28 Aug,62
newYork,28 Aug,70
sanFrancisco,28 Aug,66
Toronto,28 Aug,68
Vancouver,28 Aug,70
Montreal,29 Aug,68
newYork,29 Aug,66
sanFrancisco,29 Aug,63
Toronto,29 Aug,68
Vancouver,29 Aug,74
Montreal,30 Aug,64
newYork,30 Aug,69
sanFrancisco,30 Aug,63
Toronto,30 Aug,66
Vancouver,30 Aug,66
Montreal,31 Aug,58
newYork,31 Aug,73
sanFrancisco,31 Aug,72
Toronto,31 Aug,62
Vancouver,31 Aug,66
Montreal,1 Sep,54
newYork,1 Sep,63
sanFrancisco,1 Sep,86
Toronto,1 Sep,56
Vancouver,1 Sep,66
Montreal,2 Sep,55
newYork,2 Sep,61
sanFrancisco,2 Sep,88
Toronto,2 Sep,58
Vancouver,2 Sep,70
Montreal,3 Sep,54
newYork,3 Sep,64
sanFrancisco,3 Sep,77
Toronto,3 Sep,64
Vancouver,3 Sep,71
Montreal,4 Sep,64
newYork,4 Sep,71
sanFrancisco,4 Sep,76
Toronto,4 Sep,68
Vancouver,4 Sep,72
Montreal,5 Sep,66
newYork,5 Sep,77
sanFrancisco,5 Sep,72
Toronto,5 Sep,62
Vancouver,5 Sep,71
Montreal,6 Sep,61
newYork,6 Sep,67
sanFrancisco,6 Sep,71
Toronto,6 Sep,62
Vancouver,6 Sep,70
Montreal,7 Sep,61
newYork,7 Sep,65
sanFrancisco,7 Sep,67
Toronto,7 Sep,59
Vancouver,7 Sep,68
Montreal,8 Sep,58
newYork,8 Sep,65
sanFrancisco,8 Sep,66
Toronto,8 Sep,58
Vancouver,8 Sep,64
Montreal,9 Sep,60
newYork,9 Sep,63
sanFrancisco,9 Sep,68
Toronto,9 Sep,56
Vancouver,9 Sep,58
Montreal,10 Sep,56
newYork,10 Sep,65
sanFrancisco,10 Sep,77
Toronto,10 Sep,58
Vancouver,10 Sep,62
Montreal,11 Sep,60
newYork,11 Sep,66
sanFrancisco,11 Sep,77
Toronto,11 Sep,60
Vancouver,11 Sep,66
Montreal,12 Sep,64
newYork,12 Sep,69
sanFrancisco,12 Sep,75
Toronto,12 Sep,64
Vancouver,12 Sep,64
Montreal,13 Sep,66
newYork,13 Sep,74
sanFrancisco,13 Sep,69
Toronto,13 Sep,66
Vancouver,13 Sep,60
Montreal,14 Sep,70
newYork,14 Sep,76
sanFrancisco,14 Sep,66
Toronto,14 Sep,70
Vancouver,14 Sep,60
Montreal,15 Sep,70
newYork,15 Sep,74
sanFrancisco,15 Sep,65
Toronto,15 Sep,70
Vancouver,15 Sep,62
Montreal,16 Sep,71
newYork,16 Sep,76
sanFrancisco,16 Sep,64
Toronto,16 Sep,70
Vancouver,16 Sep,64
Montreal,17 Sep,72
newYork,17 Sep,75
sanFrancisco,17 Sep,65
Toronto,17 Sep,72
Vancouver,17 Sep,58
Montreal,18 Sep,70
newYork,18 Sep,71
sanFrancisco,18 Sep,67
Toronto,18 Sep,72
Vancouver,18 Sep,54
Montreal,19 Sep,74
newYork,19 Sep,74
sanFrancisco,19 Sep,66
Toronto,19 Sep,73
Vancouver,19 Sep,54
Montreal,20 Sep,70
newYork,20 Sep,75
sanFrancisco,20 Sep,65
Toronto,20 Sep,71
Vancouver,20 Sep,54
Montreal,21 Sep,67
newYork,21 Sep,76
sanFrancisco,21 Sep,62
Toronto,21 Sep,72
Vancouver,21 Sep,55
Montreal,22 Sep,68
newYork,22 Sep,74
sanFrancisco,22 Sep,64
Toronto,22 Sep,72
Vancouver,22 Sep,55
Montreal,23 Sep,71
newYork,23 Sep,78
sanFrancisco,23 Sep,66
Toronto,23 Sep,76
Vancouver,23 Sep,60
Montreal,24 Sep,76
newYork,24 Sep,80
sanFrancisco,24 Sep,67
Toronto,24 Sep,80
Vancouver,24 Sep,60
Montreal,25 Sep,78
newYork,25 Sep,79
sanFrancisco,25 Sep,69
Toronto,25 Sep,78
Vancouver,25 Sep,58
Montreal,26 Sep,76
newYork,26 Sep,76
sanFrancisco,26 Sep,74
Toronto,26 Sep,79
Vancouver,26 Sep,60
Montreal,27 Sep,78
newYork,27 Sep,78
sanFrancisco,27 Sep,75
Toronto,27 Sep,74
Vancouver,27 Sep,60
Montreal,28 Sep,57
newYork,28 Sep,69
sanFrancisco,28 Sep,70
Toronto,28 Sep,60
Vancouver,28 Sep,64
Montreal,29 Sep,50
newYork,29 Sep,62
sanFrancisco,29 Sep,63
Toronto,29 Sep,56
Vancouver,29 Sep,60
Montreal,30 Sep,51
newYork,30 Sep,60
sanFrancisco,30 Sep,65
Toronto,30 Sep,52
Vancouver,30 Sep,54
Montreal,1 Oct,52
newYork,1 Oct,59
sanFrancisco,1 Oct,65
Toronto,1 Oct,52
Vancouver,1 Oct,54
Montreal,2 Oct,56
newYork,2 Oct,63
sanFrancisco,2 Oct,64
Toronto,2 Oct,56
Vancouver,2 Oct,54
Montreal,3 Oct,57
newYork,3 Oct,64
sanFrancisco,3 Oct,63
Toronto,3 Oct,63
Vancouver,3 Oct,54
Montreal,4 Oct,66
newYork,4 Oct,66
sanFrancisco,4 Oct,64
Toronto,4 Oct,68
Vancouver,4 Oct,56
Montreal,5 Oct,60
newYork,5 Oct,74
sanFrancisco,5 Oct,65
Toronto,5 Oct,62
Vancouver,5 Oct,53
Montreal,6 Oct,58
newYork,6 Oct,75
sanFrancisco,6 Oct,69
Toronto,6 Oct,62
Vancouver,6 Oct,51
Montreal,7 Oct,60
newYork,7 Oct,74
sanFrancisco,7 Oct,66
Toronto,7 Oct,70
Vancouver,7 Oct,52
Montreal,8 Oct,70
newYork,8 Oct,75
sanFrancisco,8 Oct,66
Toronto,8 Oct,70
Vancouver,8 Oct,51
Montreal,9 Oct,61
newYork,9 Oct,74
sanFrancisco,9 Oct,70
Toronto,9 Oct,66
Vancouver,9 Oct,52
Montreal,10 Oct,64
newYork,10 Oct,74
sanFrancisco,10 Oct,65
Toronto,10 Oct,64
Vancouver,10 Oct,50
Montreal,11 Oct,49
newYork,11 Oct,69
sanFrancisco,11 Oct,59
Toronto,11 Oct,52
Vancouver,11 Oct,48
Montreal,12 Oct,48
newYork,12 Oct,60
sanFrancisco,12 Oct,60
Toronto,12 Oct,53
Vancouver,12 Oct,46
Montreal,13 Oct,54
newYork,13 Oct,60
sanFrancisco,13 Oct,62
Toronto,13 Oct,61
Vancouver,13 Oct,48
Montreal,14 Oct,61
newYork,14 Oct,67
sanFrancisco,14 Oct,65
Toronto,14 Oct,62
Vancouver,14 Oct,48
Montreal,15 Oct,66
newYork,15 Oct,70
sanFrancisco,15 Oct,67
Toronto,15 Oct,62
Vancouver,15 Oct,53
Montreal,16 Oct,42
newYork,16 Oct,58
sanFrancisco,16 Oct,70
Toronto,16 Oct,44
Vancouver,16 Oct,52
Montreal,17 Oct,44
newYork,17 Oct,50
sanFrancisco,17 Oct,64
Toronto,17 Oct,52
Vancouver,17 Oct,54
Montreal,18 Oct,56
newYork,18 Oct,61
sanFrancisco,18 Oct,56
Toronto,18 Oct,59
Vancouver,18 Oct,50
Montreal,19 Oct,60
newYork,19 Oct,64
sanFrancisco,19 Oct,61
Toronto,19 Oct,62
Vancouver,19 Oct,50
Montreal,20 Oct,54
newYork,20 Oct,65
sanFrancisco,20 Oct,59
Toronto,20 Oct,57
Vancouver,20 Oct,48
Montreal,21 Oct,58
newYork,21 Oct,67
sanFrancisco,21 Oct,60
Toronto,21 Oct,60
Vancouver,21 Oct,46
Montreal,22 Oct,56
newYork,22 Oct,67
sanFrancisco,22 Oct,63
Toronto,22 Oct,62
Vancouver,22 Oct,52
Montreal,23 Oct,57
newYork,23 Oct,68
sanFrancisco,23 Oct,70
Toronto,23 Oct,62
Vancouver,23 Oct,52
Montreal,24 Oct,65
newYork,24 Oct,70
sanFrancisco,24 Oct,78
Toronto,24 Oct,57
Vancouver,24 Oct,52
Montreal,25 Oct,57
newYork,25 Oct,62
sanFrancisco,25 Oct,73
Toronto,25 Oct,49
Vancouver,25 Oct,50
Montreal,26 Oct,51
newYork,26 Oct,56
sanFrancisco,26 Oct,74
Toronto,26 Oct,46
Vancouver,26 Oct,51
Montreal,27 Oct,46
newYork,27 Oct,55
sanFrancisco,27 Oct,67
Toronto,27 Oct,49
Vancouver,27 Oct,50
Montreal,28 Oct,52
newYork,28 Oct,62
sanFrancisco,28 Oct,60
Toronto,28 Oct,50
Vancouver,28 Oct,52
Montreal,29 Oct,50
newYork,29 Oct,64
sanFrancisco,29 Oct,58
Toronto,29 Oct,44
Vancouver,29 Oct,52
Montreal,30 Oct,55
newYork,30 Oct,54
sanFrancisco,30 Oct,59
Toronto,30 Oct,44
Vancouver,30 Oct,50
Montreal,31 Oct,48
newYork,31 Oct,51
sanFrancisco,31 Oct,59
Toronto,31 Oct,44
Vancouver,31 Oct,48
Montreal,1 Nov,42
newYork,1 Nov,51
sanFrancisco,1 Nov,59
Toronto,1 Nov,42
Vancouver,1 Nov,50
Montreal,2 Nov,50
newYork,2 Nov,65
sanFrancisco,2 Nov,58
Toronto,2 Nov,50
Vancouver,2 Nov,43
Montreal,3 Nov,52
newYork,3 Nov,63
sanFrancisco,3 Nov,63
Toronto,3 Nov,47
Vancouver,3 Nov,38
Montreal,4 Nov,38
newYork,4 Nov,51
sanFrancisco,4 Nov,56
Toronto,4 Nov,40
Vancouver,4 Nov,35
Montreal,5 Nov,46
newYork,5 Nov,56
sanFrancisco,5 Nov,53
Toronto,5 Nov,50
Vancouver,5 Nov,40
Montreal,6 Nov,46
newYork,6 Nov,56
sanFrancisco,6 Nov,57
Toronto,6 Nov,44
Vancouver,6 Nov,38
Montreal,7 Nov,36
newYork,7 Nov,45
sanFrancisco,7 Nov,55
Toronto,7 Nov,42
Vancouver,7 Nov,41
Montreal,8 Nov,35
newYork,8 Nov,44
sanFrancisco,8 Nov,59
Toronto,8 Nov,41
Vancouver,8 Nov,44
Montreal,9 Nov,39
newYork,9 Nov,47
sanFrancisco,9 Nov,64
Toronto,9 Nov,40
Vancouver,9 Nov,46
Montreal,10 Nov,20
newYork,10 Nov,38
sanFrancisco,10 Nov,60
Toronto,10 Nov,20
Vancouver,10 Nov,48
Montreal,11 Nov,22
newYork,11 Nov,31
sanFrancisco,11 Nov,59
Toronto,11 Nov,28
Vancouver,11 Nov,46
Montreal,12 Nov,29
newYork,12 Nov,39
sanFrancisco,12 Nov,57
Toronto,12 Nov,38
Vancouver,12 Nov,48
Montreal,13 Nov,27
newYork,13 Nov,43
sanFrancisco,13 Nov,61
Toronto,13 Nov,40
Vancouver,13 Nov,49
Montreal,14 Nov,34
newYork,14 Nov,42
sanFrancisco,14 Nov,58
Toronto,14 Nov,42
Vancouver,14 Nov,48
Montreal,15 Nov,34
newYork,15 Nov,44
sanFrancisco,15 Nov,60
Toronto,15 Nov,42
Vancouver,15 Nov,48
Montreal,16 Nov,42
newYork,16 Nov,50
sanFrancisco,16 Nov,58
Toronto,16 Nov,40
Vancouver,16 Nov,44
Montreal,17 Nov,28
newYork,17 Nov,42
sanFrancisco,17 Nov,56
Toronto,17 Nov,33
Vancouver,17 Nov,42
Montreal,18 Nov,26
newYork,18 Nov,45
sanFrancisco,18 Nov,53
Toronto,18 Nov,42
Vancouver,18 Nov,44
Montreal,19 Nov,30
newYork,19 Nov,49
sanFrancisco,19 Nov,53
Toronto,19 Nov,35
Vancouver,19 Nov,44
Montreal,20 Nov,20
newYork,20 Nov,42
sanFrancisco,20 Nov,59
Toronto,20 Nov,36
Vancouver,20 Nov,44
Montreal,21 Nov,32
newYork,21 Nov,50
sanFrancisco,21 Nov,61
Toronto,21 Nov,47
Vancouver,21 Nov,44
Montreal,22 Nov,30
newYork,22 Nov,46
sanFrancisco,22 Nov,61
Toronto,22 Nov,32
Vancouver,22 Nov,50
Montreal,23 Nov,26
newYork,23 Nov,37
sanFrancisco,23 Nov,62
Toronto,23 Nov,34
Vancouver,23 Nov,52
Montreal,24 Nov,38
newYork,24 Nov,43
sanFrancisco,24 Nov,63
Toronto,24 Nov,42
Vancouver,24 Nov,47
Montreal,25 Nov,40
newYork,25 Nov,50
sanFrancisco,25 Nov,62
Toronto,25 Nov,45
Vancouver,25 Nov,48
Montreal,26 Nov,27
newYork,26 Nov,46
sanFrancisco,26 Nov,60
Toronto,26 Nov,34
Vancouver,26 Nov,49
Montreal,27 Nov,20
newYork,27 Nov,45
sanFrancisco,27 Nov,55
Toronto,27 Nov,36
Vancouver,27 Nov,44
Montreal,28 Nov,26
newYork,28 Nov,45
sanFrancisco,28 Nov,53
Toronto,28 Nov,45
Vancouver,28 Nov,43
Montreal,29 Nov,34
newYork,29 Nov,53
sanFrancisco,29 Nov,56
Toronto,29 Nov,40
Vancouver,29 Nov,43
Montreal,30 Nov,28
newYork,30 Nov,46
sanFrancisco,30 Nov,56
Toronto,30 Nov,40
Vancouver,30 Nov,44
Montreal,1 Dec,35
newYork,1 Dec,47
sanFrancisco,1 Dec,53
Toronto,1 Dec,43
Vancouver,1 Dec,44
Montreal,2 Dec,33
newYork,2 Dec,44
sanFrancisco,2 Dec,53
Toronto,2 Dec,41
Vancouver,2 Dec,42
Montreal,3 Dec,32
newYork,3 Dec,45
sanFrancisco,3 Dec,53
Toronto,3 Dec,41
Vancouver,3 Dec,40
Montreal,4 Dec,34
newYork,4 Dec,46
sanFrancisco,4 Dec,57
Toronto,4 Dec,42
Vancouver,4 Dec,40
Montreal,5 Dec,44
newYork,5 Dec,56
sanFrancisco,5 Dec,57
Toronto,5 Dec,44
Vancouver,5 Dec,40
Montreal,6 Dec,34
newYork,6 Dec,50
sanFrancisco,6 Dec,52
Toronto,6 Dec,34
Vancouver,6 Dec,40
Montreal,7 Dec,31
newYork,7 Dec,41
sanFrancisco,7 Dec,55
Toronto,7 Dec,31
Vancouver,7 Dec,37
Montreal,8 Dec,30
newYork,8 Dec,37
sanFrancisco,8 Dec,53
Toronto,8 Dec,30
Vancouver,8 Dec,36
Montreal,9 Dec,28
newYork,9 Dec,33
sanFrancisco,9 Dec,53
Toronto,9 Dec,32
Vancouver,9 Dec,38
Montreal,10 Dec,26
newYork,10 Dec,34
sanFrancisco,10 Dec,53
Toronto,10 Dec,28
Vancouver,10 Dec,42
Montreal,11 Dec,13
newYork,11 Dec,37
sanFrancisco,11 Dec,55
Toronto,11 Dec,24
Vancouver,11 Dec,42
Montreal,12 Dec,15
newYork,12 Dec,40
sanFrancisco,12 Dec,51
Toronto,12 Dec,22
Vancouver,12 Dec,44
Montreal,13 Dec,9
newYork,13 Dec,26
sanFrancisco,13 Dec,51
Toronto,13 Dec,14
Vancouver,13 Dec,42
Montreal,14 Dec,2
newYork,14 Dec,27
sanFrancisco,14 Dec,54
Toronto,14 Dec,14
Vancouver,14 Dec,43
Montreal,15 Dec,6
newYork,15 Dec,24
sanFrancisco,15 Dec,51
Toronto,15 Dec,20
Vancouver,15 Dec,42
Montreal,16 Dec,12
newYork,16 Dec,31
sanFrancisco,16 Dec,57
Toronto,16 Dec,22
Vancouver,16 Dec,42
Montreal,17 Dec,2
newYork,17 Dec,35
sanFrancisco,17 Dec,56
Toronto,17 Dec,16
Vancouver,17 Dec,41
Montreal,18 Dec,8
newYork,18 Dec,41
sanFrancisco,18 Dec,53
Toronto,18 Dec,29
Vancouver,18 Dec,44
Montreal,19 Dec,24
newYork,19 Dec,50
sanFrancisco,19 Dec,52
Toronto,19 Dec,41
Vancouver,19 Dec,36
Montreal,20 Dec,22
newYork,20 Dec,43
sanFrancisco,20 Dec,51
Toronto,20 Dec,30
Vancouver,20 Dec,38
Montreal,21 Dec,8
newYork,21 Dec,36
sanFrancisco,21 Dec,48
Toronto,21 Dec,26
Vancouver,21 Dec,35
Montreal,22 Dec,6
newYork,22 Dec,43
sanFrancisco,22 Dec,46
Toronto,22 Dec,24
Vancouver,22 Dec,38
Montreal,23 Dec,16
newYork,23 Dec,43
sanFrancisco,23 Dec,48
Toronto,23 Dec,28
Vancouver,23 Dec,34
Montreal,24 Dec,18
newYork,24 Dec,39
sanFrancisco,24 Dec,50
Toronto,24 Dec,26
Vancouver,24 Dec,30
Montreal,25 Dec,17
newYork,25 Dec,33
sanFrancisco,25 Dec,51
Toronto,25 Dec,21
Vancouver,25 Dec,33
Montreal,26 Dec,6
newYork,26 Dec,26
sanFrancisco,26 Dec,51
Toronto,26 Dec,10
Vancouver,26 Dec,34
Montreal,27 Dec,-4
newYork,27 Dec,21
sanFrancisco,27 Dec,50
Toronto,27 Dec,9
Vancouver,27 Dec,35
Montreal,28 Dec,-10
newYork,28 Dec,15
sanFrancisco,28 Dec,50
Toronto,28 Dec,4
Vancouver,28 Dec,38
Montreal,29 Dec,-6
newYork,29 Dec,17
sanFrancisco,29 Dec,50
Toronto,29 Dec,12
Vancouver,29 Dec,40
Montreal,30 Dec,-6
newYork,30 Dec,20
sanFrancisco,30 Dec,51
Toronto,30 Dec,11
Vancouver,30 Dec,38
Montreal,31 Dec,-6
newYork,31 Dec,15
sanFrancisco,31 Dec,51
Toronto,31 Dec,2
Vancouver,31 Dec,38
